<?xml version="1.0" encoding="utf-8"?>
<System>
  <P Name="Location">[223, 338, 826, 833]</P>
  <P Name="SystemRect">[0.000000, 0.000000, 0.000000, 0.000000]</P>
  <P Name="SetExecutionDomain">off</P>
  <P Name="ExecutionDomainType">Deduce</P>
  <P Name="SIDHighWatermark">58</P>
  <P Name="SimulinkSubDomain">Simulink</P>
  <Block BlockType="Demux" Name=" Demux " SID="5::56">
    <P Name="Ports">[1, 1]</P>
    <P Name="Position">[270, 230, 320, 270]</P>
    <P Name="ZOrder">47</P>
    <P Name="Outputs">1</P>
  </Block>
  <Block BlockType="Ground" Name=" Ground " SID="5::58">
    <P Name="Position">[20, 131, 40, 149]</P>
    <P Name="ZOrder">49</P>
  </Block>
  <Block BlockType="S-Function" Name=" SFunction " SID="5::55">
    <P Name="Tag">Stateflow S-Function 1</P>
    <P Name="Ports">[1, 3]</P>
    <P Name="Position">[180, 100, 230, 180]</P>
    <P Name="ZOrder">46</P>
    <P Name="FunctionName">sf_sfun</P>
    <P Name="PortCounts">[1 3]</P>
    <P Name="SFunctionDeploymentMode">off</P>
    <P Name="EnableBusSupport">on</P>
    <P Name="SFcnIsStateOwnerBlock">off</P>
    <Port>
      <P Name="PortNumber">2</P>
      <P Name="Name">array_N</P>
    </Port>
    <Port>
      <P Name="PortNumber">3</P>
      <P Name="Name">array_A</P>
    </Port>
  </Block>
  <Block BlockType="Terminator" Name=" Terminator " SID="5::57">
    <P Name="Position">[460, 241, 480, 259]</P>
    <P Name="ZOrder">48</P>
  </Block>
  <Block BlockType="Outport" Name="array_N" SID="5::53">
    <P Name="Position">[460, 101, 480, 119]</P>
    <P Name="ZOrder">44</P>
    <P Name="VectorParamsAs1DForOutWhenUnconnected">off</P>
  </Block>
  <Block BlockType="Outport" Name="array_A" SID="5::54">
    <P Name="Position">[460, 136, 480, 154]</P>
    <P Name="ZOrder">45</P>
    <P Name="Port">2</P>
    <P Name="VectorParamsAs1DForOutWhenUnconnected">off</P>
  </Block>
  <Line>
    <P Name="Name">array_N</P>
    <P Name="ZOrder">1635</P>
    <P Name="Labels">[0, 0]</P>
    <P Name="Src">5::55#out:2</P>
    <P Name="Dst">5::53#in:1</P>
  </Line>
  <Line>
    <P Name="Name">array_A</P>
    <P Name="ZOrder">1636</P>
    <P Name="Labels">[0, 0]</P>
    <P Name="Src">5::55#out:3</P>
    <P Name="Dst">5::54#in:1</P>
  </Line>
  <Line>
    <P Name="ZOrder">1637</P>
    <P Name="Src">5::58#out:1</P>
    <P Name="Dst">5::55#in:1</P>
  </Line>
  <Line>
    <P Name="ZOrder">1638</P>
    <P Name="Src">5::56#out:1</P>
    <P Name="Dst">5::57#in:1</P>
  </Line>
  <Line>
    <P Name="ZOrder">1639</P>
    <P Name="Src">5::55#out:1</P>
    <P Name="Dst">5::56#in:1</P>
  </Line>
</System>
