<?xml version="1.0" encoding="utf-8"?>
<System>
  <P Name="Location">[223, 338, 826, 833]</P>
  <P Name="SystemRect">[0.000000, 0.000000, 0.000000, 0.000000]</P>
  <P Name="SetExecutionDomain">off</P>
  <P Name="ExecutionDomainType">Deduce</P>
  <P Name="SIDHighWatermark">96</P>
  <P Name="SimulinkSubDomain">Simulink</P>
  <Block BlockType="Inport" Name="X" SID="1::64">
    <P Name="Position">[20, 101, 40, 119]</P>
    <P Name="ZOrder">55</P>
  </Block>
  <Block BlockType="Inport" Name="Y" SID="1::65">
    <P Name="Position">[20, 136, 40, 154]</P>
    <P Name="ZOrder">56</P>
    <P Name="Port">2</P>
  </Block>
  <Block BlockType="Inport" Name="alfa" SID="1::66">
    <P Name="Position">[20, 171, 40, 189]</P>
    <P Name="ZOrder">57</P>
    <P Name="Port">3</P>
  </Block>
  <Block BlockType="Inport" Name="array_N" SID="1::1">
    <P Name="Position">[20, 206, 40, 224]</P>
    <P Name="ZOrder">-1</P>
    <P Name="Port">4</P>
  </Block>
  <Block BlockType="Inport" Name="array_A" SID="1::91">
    <P Name="Position">[20, 246, 40, 264]</P>
    <P Name="ZOrder">82</P>
    <P Name="Port">5</P>
  </Block>
  <Block BlockType="Inport" Name="NL" SID="1::22">
    <P Name="Position">[20, 281, 40, 299]</P>
    <P Name="ZOrder">13</P>
    <P Name="Port">6</P>
  </Block>
  <Block BlockType="Demux" Name=" Demux " SID="1::93">
    <P Name="Ports">[1, 1]</P>
    <P Name="Position">[270, 280, 320, 320]</P>
    <P Name="ZOrder">84</P>
    <P Name="Outputs">1</P>
  </Block>
  <Block BlockType="S-Function" Name=" SFunction " SID="1::92">
    <P Name="Tag">Stateflow S-Function 2</P>
    <P Name="Ports">[6, 5]</P>
    <P Name="Position">[180, 107, 230, 248]</P>
    <P Name="ZOrder">83</P>
    <P Name="FunctionName">sf_sfun</P>
    <P Name="PortCounts">[6 5]</P>
    <P Name="SFunctionDeploymentMode">off</P>
    <P Name="EnableBusSupport">on</P>
    <P Name="SFcnIsStateOwnerBlock">off</P>
    <Port>
      <P Name="PortNumber">2</P>
      <P Name="Name">array_x</P>
    </Port>
    <Port>
      <P Name="PortNumber">3</P>
      <P Name="Name">array_y</P>
    </Port>
    <Port>
      <P Name="PortNumber">4</P>
      <P Name="Name">XL</P>
    </Port>
    <Port>
      <P Name="PortNumber">5</P>
      <P Name="Name">YL</P>
    </Port>
  </Block>
  <Block BlockType="Terminator" Name=" Terminator " SID="1::94">
    <P Name="Position">[460, 291, 480, 309]</P>
    <P Name="ZOrder">85</P>
  </Block>
  <Block BlockType="Outport" Name="array_x" SID="1::5">
    <P Name="Position">[460, 101, 480, 119]</P>
    <P Name="ZOrder">-5</P>
    <P Name="VectorParamsAs1DForOutWhenUnconnected">off</P>
  </Block>
  <Block BlockType="Outport" Name="array_y" SID="1::88">
    <P Name="Position">[460, 136, 480, 154]</P>
    <P Name="ZOrder">79</P>
    <P Name="Port">2</P>
    <P Name="VectorParamsAs1DForOutWhenUnconnected">off</P>
  </Block>
  <Block BlockType="Outport" Name="XL" SID="1::89">
    <P Name="Position">[460, 171, 480, 189]</P>
    <P Name="ZOrder">80</P>
    <P Name="Port">3</P>
    <P Name="VectorParamsAs1DForOutWhenUnconnected">off</P>
  </Block>
  <Block BlockType="Outport" Name="YL" SID="1::90">
    <P Name="Position">[460, 206, 480, 224]</P>
    <P Name="ZOrder">81</P>
    <P Name="Port">4</P>
    <P Name="VectorParamsAs1DForOutWhenUnconnected">off</P>
  </Block>
  <Line>
    <P Name="ZOrder">8969</P>
    <P Name="Src">1::64#out:1</P>
    <P Name="Dst">1::92#in:1</P>
  </Line>
  <Line>
    <P Name="ZOrder">8970</P>
    <P Name="Src">1::65#out:1</P>
    <P Name="Dst">1::92#in:2</P>
  </Line>
  <Line>
    <P Name="ZOrder">8971</P>
    <P Name="Src">1::66#out:1</P>
    <P Name="Dst">1::92#in:3</P>
  </Line>
  <Line>
    <P Name="ZOrder">8972</P>
    <P Name="Src">1::1#out:1</P>
    <P Name="Dst">1::92#in:4</P>
  </Line>
  <Line>
    <P Name="ZOrder">8973</P>
    <P Name="Src">1::91#out:1</P>
    <P Name="Dst">1::92#in:5</P>
  </Line>
  <Line>
    <P Name="ZOrder">8974</P>
    <P Name="Src">1::22#out:1</P>
    <P Name="Dst">1::92#in:6</P>
  </Line>
  <Line>
    <P Name="Name">array_x</P>
    <P Name="ZOrder">8975</P>
    <P Name="Labels">[0, 0]</P>
    <P Name="Src">1::92#out:2</P>
    <P Name="Dst">1::5#in:1</P>
  </Line>
  <Line>
    <P Name="Name">array_y</P>
    <P Name="ZOrder">8976</P>
    <P Name="Labels">[0, 0]</P>
    <P Name="Src">1::92#out:3</P>
    <P Name="Dst">1::88#in:1</P>
  </Line>
  <Line>
    <P Name="Name">XL</P>
    <P Name="ZOrder">8977</P>
    <P Name="Labels">[0, 0]</P>
    <P Name="Src">1::92#out:4</P>
    <P Name="Dst">1::89#in:1</P>
  </Line>
  <Line>
    <P Name="Name">YL</P>
    <P Name="ZOrder">8978</P>
    <P Name="Labels">[0, 0]</P>
    <P Name="Src">1::92#out:5</P>
    <P Name="Dst">1::90#in:1</P>
  </Line>
  <Line>
    <P Name="ZOrder">8979</P>
    <P Name="Src">1::93#out:1</P>
    <P Name="Dst">1::94#in:1</P>
  </Line>
  <Line>
    <P Name="ZOrder">8980</P>
    <P Name="Src">1::92#out:1</P>
    <P Name="Dst">1::93#in:1</P>
  </Line>
</System>
