<?xml version="1.0" encoding="UTF-8"?>
<sltp_graph version="1.1" packageUris="http://schema.mathworks.com/mf0/sltp_mm/R2021a_202009111111">
  <sltp.mm.core.Context type="sltp.mm.core.Context" uuid="211f3f7d-285d-4881-ae67-cadafb805363">
    <priorityDirection>HighNumberLast</priorityDirection>
    <editorState type="sltp.mm.core.EditorState" uuid="cb8e911a-49cc-481e-8fcf-4f4ed9d88510">
      <isSynchronized>true</isSynchronized>
      <panelState type="sltp.mm.core.EditorPanelState" uuid="063afecd-40dd-4b55-b841-bcb64f9e47a5"/>
    </editorState>
    <rootTask type="sltp.mm.core.Task" uuid="9ac23aeb-880b-425b-a349-1344b6218f34">
      <context type="sltp.mm.core.Context" uuid="211f3f7d-285d-4881-ae67-cadafb805363"/>
      <explicit>false</explicit>
      <name>Default</name>
      <priority>-2147483648</priority>
      <subgraph type="sltp.mm.core.Graph" uuid="f474eedb-cd07-461d-80ea-d86b5a38d4d5">
        <tasks type="sltp.mm.core.Task" uuid="2d566023-92db-45d4-95af-c816a851596b">
          <baseTask>true</baseTask>
          <context type="sltp.mm.core.Context" uuid="211f3f7d-285d-4881-ae67-cadafb805363"/>
          <explicit>false</explicit>
          <id>1</id>
          <isTimed>true</isTimed>
          <name>FiM</name>
          <priority>40</priority>
          <rates type="sltp.mm.core.Rate" uuid="563a6a6f-0cc5-4ac6-a9a2-a9e1126516a9">
            <annotation>FiM</annotation>
            <color>-2139062017</color>
            <identifier>ZOHContinuous01</identifier>
            <rateSpec type="sltp.mm.core.RateSpec">
              <offset>1.0</offset>
              <period>0.0</period>
            </rateSpec>
            <sti>0</sti>
          </rates>
          <rates type="sltp.mm.core.Rate" uuid="9423b14f-e0e7-4889-9207-a226776e8521">
            <annotation>D1</annotation>
            <color>-436207361</color>
            <hasBlocks>true</hasBlocks>
            <rateSpec type="sltp.mm.core.RateSpec">
              <period>1.0</period>
            </rateSpec>
            <sti>1</sti>
          </rates>
        </tasks>
      </subgraph>
    </rootTask>
  </sltp.mm.core.Context>
</sltp_graph>