<?xml version="1.0" encoding="utf-8"?>
<Stateflow>
  <machine id="78">
    <P Name="sfVersion">80000041</P>
    <Children>
      <target id="145" name="sfun">
        <P Name="description">Default Simulink S-Function Target.</P>
      </target>
      <chart Ref="chart_79"/>
      <chart Ref="chart_86"/>
      <chart Ref="chart_101"/>
      <chart Ref="chart_116"/>
      <chart Ref="chart_123"/>
      <chart Ref="chart_138"/>
    </Children>
  </machine>
  <instance id="85">
    <P Name="machine">78</P>
    <P Name="name">MATLAB Function1</P>
    <P Name="chart">79</P>
  </instance>
  <instance id="100">
    <P Name="machine">78</P>
    <P Name="name">MATLAB Function</P>
    <P Name="chart">86</P>
  </instance>
  <instance id="115">
    <P Name="machine">78</P>
    <P Name="name">MATLAB Function2</P>
    <P Name="chart">101</P>
  </instance>
  <instance id="122">
    <P Name="machine">78</P>
    <P Name="name">MATLAB Function3</P>
    <P Name="chart">116</P>
  </instance>
  <instance id="137">
    <P Name="machine">78</P>
    <P Name="name">MATLAB Function4</P>
    <P Name="chart">123</P>
  </instance>
  <instance id="144">
    <P Name="machine">78</P>
    <P Name="name">MATLAB Function5</P>
    <P Name="chart">138</P>
  </instance>
</Stateflow>
