<?xml version="1.0" encoding="UTF-8"?>
<sltp_editor version="1.1" packageUris="http://schema.mathworks.com/mf0/DiagramEditor/R2019a_20181107 http://schema.mathworks.com/mf0/SltpSyntax/R2020b_202007092240">
  <diagram.editor.model.Diagram type="diagram.editor.model.Diagram" uuid="c4021f7e-9a70-41bd-9187-f950255ce2a3">
    <entities type="diagram.editor.model.Entity" uuid="df034186-b675-49df-a5e9-870e0a70d475">
      <position>0,0</position>
      <size>0,0,0,0</size>
      <syntaxElement type="sltp.mm.syntax.Node" uuid="10cd0e52-fc65-4344-838e-dce9b15677b4"/>
      <title>FiM</title>
      <type>base</type>
      <subDiagram type="diagram.editor.model.Diagram" uuid="753caeb5-b783-4782-9915-fa4cff2a4630">
        <position>0,0</position>
        <syntaxElement type="sltp.mm.syntax.Graph" uuid="7730a13c-08a9-4365-ad7a-9a4c3c558f71"/>
        <title>FiM</title>
        <type>graph.Graph</type>
      </subDiagram>
    </entities>
    <syntaxElement type="sltp.mm.syntax.Graph" uuid="f7f9c6b0-cbac-4912-a000-e57d83a8112d"/>
    <title>Default</title>
    <type>graph.Graph</type>
  </diagram.editor.model.Diagram>
  <sltp.mm.syntax.Context type="sltp.mm.syntax.Context" uuid="e4bad402-b04e-42ff-88c9-b95139f5ed93">
    <rootGraph type="sltp.mm.syntax.Graph" uuid="f7f9c6b0-cbac-4912-a000-e57d83a8112d">
      <children type="sltp.mm.syntax.Node" uuid="10cd0e52-fc65-4344-838e-dce9b15677b4">
        <priority>40</priority>
        <rates type="sltp.mm.syntax.RateData">
          <color>#808080</color>
          <rate>[0, 1]</rate>
          <title>FiM</title>
        </rates>
        <rates type="sltp.mm.syntax.RateData">
          <color>#e60000</color>
          <hasBlocks>true</hasBlocks>
          <rate>1</rate>
          <title>D1</title>
        </rates>
        <title>FiM</title>
        <type>base</type>
        <diagramElement type="diagram.editor.model.Entity" uuid="df034186-b675-49df-a5e9-870e0a70d475"/>
        <subgraph type="sltp.mm.syntax.Graph" uuid="7730a13c-08a9-4365-ad7a-9a4c3c558f71">
          <title>FiM</title>
          <diagramElement type="diagram.editor.model.Diagram" uuid="753caeb5-b783-4782-9915-fa4cff2a4630"/>
        </subgraph>
      </children>
      <title>Default</title>
      <diagramElement type="diagram.editor.model.Diagram" uuid="c4021f7e-9a70-41bd-9187-f950255ce2a3"/>
    </rootGraph>
  </sltp.mm.syntax.Context>
</sltp_editor>