<?xml version="1.0" encoding="UTF-8"?>
<sltp_graph version="1.1" packageUris="http://schema.mathworks.com/mf0/sltp_mm/R2021a_202009111111">
  <sltp.mm.core.Context type="sltp.mm.core.Context" uuid="a99bbaaa-2980-4783-b9f1-347e8215f39c">
    <priorityDirection>HighNumberLast</priorityDirection>
    <unusedTaskIds>2</unusedTaskIds>
    <editorState type="sltp.mm.core.EditorState" uuid="cb8e911a-49cc-481e-8fcf-4f4ed9d88510">
      <isSynchronized>true</isSynchronized>
      <panelState type="sltp.mm.core.EditorPanelState" uuid="063afecd-40dd-4b55-b841-bcb64f9e47a5"/>
    </editorState>
    <rootTask type="sltp.mm.core.Task" uuid="1da5090a-b213-4114-ba33-36e8efa83dc3">
      <context type="sltp.mm.core.Context" uuid="a99bbaaa-2980-4783-b9f1-347e8215f39c"/>
      <explicit>false</explicit>
      <name>Default</name>
      <priority>-2147483648</priority>
      <subgraph type="sltp.mm.core.Graph" uuid="f372b023-2635-405b-9883-224c1b6ad8c6">
        <tasks type="sltp.mm.core.Task" uuid="eb28a144-6996-4232-9107-091a8d9e8a9d">
          <baseTask>true</baseTask>
          <context type="sltp.mm.core.Context" uuid="a99bbaaa-2980-4783-b9f1-347e8215f39c"/>
          <explicit>false</explicit>
          <id>1</id>
          <isTimed>true</isTimed>
          <name>FiM</name>
          <priority>40</priority>
          <rates type="sltp.mm.core.Rate" uuid="3f3e57a7-620a-4ad8-ab76-e942064884b1">
            <annotation>FiM</annotation>
            <color>-2139062017</color>
            <identifier>ZOHContinuous01</identifier>
            <rateSpec type="sltp.mm.core.RateSpec">
              <offset>1.0</offset>
              <period>0.0</period>
            </rateSpec>
            <sti>0</sti>
          </rates>
          <rates type="sltp.mm.core.Rate" uuid="54877ab6-066b-437f-b296-f122037305ed">
            <annotation>D1</annotation>
            <color>-436207361</color>
            <hasBlocks>true</hasBlocks>
            <rateSpec type="sltp.mm.core.RateSpec">
              <period>1.0</period>
            </rateSpec>
            <sti>1</sti>
          </rates>
        </tasks>
      </subgraph>
    </rootTask>
  </sltp.mm.core.Context>
</sltp_graph>